id,name,email,gender,active,,
2546,Fr. Enakshi Deshpande,enakshi_deshpande_fr@treutel-rippin.info,male,1,,
2545,Dr. Javas Achari,dr_achari_javas@bogan.net,male,1,,
2543,Brahmdev Devar,brahmdev_devar@herman.name,male,1,,
2538,Agniprava Jha,agniprava_jha@block.io,male,1,,
2535,Sweta Trivedi,sweta_trivedi@schoen.org,male,1,,
2534,Dr. Deependra Gupta,gupta_dr_deependra@jakubowski.net,female,0,,
2533,Ms. Garuda Kocchar,kocchar_garuda_ms@nicolas.name,male,1,,
2532,Puneet Dwivedi,puneet_dwivedi@hagenes.com,female,1,,
2528,Bhoopat Bhattathiri,bhoopat_bhattathiri@wintheiser.biz,female,1,,
2527,Deepan Varma,deepan_varma@lowe.com,female,1,,
2525,Damayanti Namboothiri,namboothiri_damayanti@schmitt-dicki.org,female,1,,
2524,Shakuntala Acharya,acharya_shakuntala@okeefe-leannon.biz,female,1,,
2523,Bandhul Kaul CPA,cpa_bandhul_kaul@schmeler.biz,female,0,,
2522,Sachin Khanna,khanna_sachin@green.net,female,1,,
2521,Bhaasvan Pilla,pilla_bhaasvan@mann.co,female,0,,
2520,Dharitri Mehrotra MD,mehrotra_dharitri_md@fadel.com,male,0,,
2519,Usha Banerjee,banerjee_usha@morissette-okeefe.info,female,0,,
2518,Acharyanandana Chaturvedi,acharyanandana_chaturvedi@hegmann.biz,female,1,,
2517,Prof. Bheeshma Somayaji,bheeshma_prof_somayaji@mclaughlin.com,female,0,,
2516,Veda Jain,jain_veda@kuphal.name,male,0,,
,,,,,,
